集計年,都道府県コード,都道府県名,総人口
1960,01,北海道,5039206
1960,02,青森県,1426606
1960,03,岩手県,1448517
1960,04,宮城県,1743195
1960,05,秋田県,1335580
1960,06,山形県,1320664
1960,07,福島県,2051137
1960,08,茨城県,2047024
1960,09,栃木県,1513624
1960,10,群馬県,1578476
1960,11,埼玉県,2430871
1960,12,千葉県,2306010
1960,13,東京都,9683802
1960,14,神奈川県,3443176
1960,15,新潟県,2442037
1960,16,富山県,1032614
1960,17,石川県,973418
1960,18,福井県,752696
1960,19,山梨県,782062
1960,20,長野県,1981433
1960,21,岐阜県,1638399
1960,22,静岡県,2756271
1960,23,愛知県,4206313
1960,24,三重県,1485054
1960,25,滋賀県,842695
1960,26,京都府,1993403
1960,27,大阪府,5504746
1960,28,兵庫県,3906487
1960,29,奈良県,781058
1960,30,和歌山県,1002191
1960,31,鳥取県,599135
1960,32,島根県,888886
1960,33,岡山県,1670454
1960,34,広島県,2184043
1960,35,山口県,1602207
1960,36,徳島県,847274
1960,37,香川県,918867
1960,38,愛媛県,1500687
1960,39,高知県,854595
1960,40,福岡県,4006679
1960,41,佐賀県,942874
1960,42,長崎県,1760421
1960,43,熊本県,1856192
1960,44,大分県,1239655
1960,45,宮崎県,1134590
1960,46,鹿児島県,1963104
1960,47,沖縄県,883122
1961,01,北海道,5073000
1961,02,青森県,1427000
1961,03,岩手県,1444000
1961,04,宮城県,1740000
1961,05,秋田県,1327000
1961,06,山形県,1310000
1961,07,福島県,2037000
1961,08,茨城県,2053000
1961,09,栃木県,1513000
1961,10,群馬県,1581000
1961,11,埼玉県,2497000
1961,12,千葉県,2356000
1961,13,東京都,9967000
1961,14,神奈川県,3606000
1961,15,新潟県,2434000
1961,16,富山県,1032000
1961,17,石川県,975000
1961,18,福井県,753000
1961,19,山梨県,777000
1961,20,長野県,1975000
1961,21,岐阜県,1645000
1961,22,静岡県,2781000
1961,23,愛知県,4319000
1961,24,三重県,1491000
1961,25,滋賀県,844000
1961,26,京都府,2009000
1961,27,大阪府,5735000
1961,28,兵庫県,3986000
1961,29,奈良県,784000
1961,30,和歌山県,1004000
1961,31,鳥取県,595000
1961,32,島根県,879000
1961,33,岡山県,1663000
1961,34,広島県,2194000
1961,35,山口県,1594000
1961,36,徳島県,839000
1961,37,香川県,911000
1961,38,愛媛県,1488000
1961,39,高知県,845000
1961,40,福岡県,3995000
1961,41,佐賀県,930000
1961,42,長崎県,1742000
1961,43,熊本県,1838000
1961,44,大分県,1230000
1961,45,宮崎県,1127000
1961,46,鹿児島県,1943000
1961,47,沖縄県,
1962,01,北海道,5099000
1962,02,青森県,1421000
1962,03,岩手県,1438000
1962,04,宮城県,1735000
1962,05,秋田県,1313000
1962,06,山形県,1296000
1962,07,福島県,2021000
1962,08,茨城県,2056000
1962,09,栃木県,1513000
1962,10,群馬県,1584000
1962,11,埼玉県,2588000
1962,12,千葉県,2428000
1962,13,東京都,10224000
1962,14,神奈川県,3801000
1962,15,新潟県,2421000
1962,16,富山県,1029000
1962,17,石川県,974000
1962,18,福井県,752000
1962,19,山梨県,770000
1962,20,長野県,1969000
1962,21,岐阜県,1656000
1962,22,静岡県,2810000
1962,23,愛知県,4431000
1962,24,三重県,1496000
1962,25,滋賀県,847000
1962,26,京都府,2029000
1962,27,大阪府,5982000
1962,28,兵庫県,4075000
1962,29,奈良県,789000
1962,30,和歌山県,1006000
1962,31,鳥取県,591000
1962,32,島根県,866000
1962,33,岡山県,1653000
1962,34,広島県,2211000
1962,35,山口県,1585000
1962,36,徳島県,832000
1962,37,香川県,904000
1962,38,愛媛県,1474000
1962,39,高知県,835000
1962,40,福岡県,3990000
1962,41,佐賀県,911000
1962,42,長崎県,1713000
1962,43,熊本県,1817000
1962,44,大分県,1217000
1962,45,宮崎県,1114000
1962,46,鹿児島県,1914000
1962,47,沖縄県,
1963,01,北海道,5120000
1963,02,青森県,1419000
1963,03,岩手県,1431000
1963,04,宮城県,1738000
1963,05,秋田県,1302000
1963,06,山形県,1285000
1963,07,福島県,2007000
1963,08,茨城県,2053000
1963,09,栃木県,1516000
1963,10,群馬県,1589000
1963,11,埼玉県,2718000
1963,12,千葉県,2505000
1963,13,東京都,10470000
1963,14,神奈川県,3990000
1963,15,新潟県,2412000
1963,16,富山県,1028000
1963,17,石川県,975000
1963,18,福井県,752000
1963,19,山梨県,767000
1963,20,長野県,1965000
1963,21,岐阜県,1673000
1963,22,静岡県,2842000
1963,23,愛知県,4551000
1963,24,三重県,1505000
1963,25,滋賀県,846000
1963,26,京都府,2052000
1963,27,大阪府,6206000
1963,28,兵庫県,4156000
1963,29,奈良県,800000
1963,30,和歌山県,1011000
1963,31,鳥取県,588000
1963,32,島根県,852000
1963,33,岡山県,1646000
1963,34,広島県,2231000
1963,35,山口県,1569000
1963,36,徳島県,826000
1963,37,香川県,904000
1963,38,愛媛県,1462000
1963,39,高知県,828000
1963,40,福岡県,3970000
1963,41,佐賀県,894000
1963,42,長崎県,1693000
1963,43,熊本県,1801000
1963,44,大分県,1209000
1963,45,宮崎県,1101000
1963,46,鹿児島県,1895000
1963,47,沖縄県,
1964,01,北海道,5143000
1964,02,青森県,1419000
1964,03,岩手県,1420000
1964,04,宮城県,1745000
1964,05,秋田県,1292000
1964,06,山形県,1275000
1964,07,福島県,1995000
1964,08,茨城県,2055000
1964,09,栃木県,1519000
1964,10,群馬県,1597000
1964,11,埼玉県,2864000
1964,12,千葉県,2609000
1964,13,東京都,10668000
1964,14,神奈川県,4203000
1964,15,新潟県,2404000
1964,16,富山県,1027000
1964,17,石川県,978000
1964,18,福井県,752000
1964,19,山梨県,765000
1964,20,長野県,1961000
1964,21,岐阜県,1685000
1964,22,静岡県,2876000
1964,23,愛知県,4680000
1964,24,三重県,1512000
1964,25,滋賀県,849000
1964,26,京都府,2076000
1964,27,大阪府,6440000
1964,28,兵庫県,4238000
1964,29,奈良県,811000
1964,30,和歌山県,1019000
1964,31,鳥取県,584000
1964,32,島根県,837000
1964,33,岡山県,1643000
1964,34,広島県,2255000
1964,35,山口県,1551000
1964,36,徳島県,820000
1964,37,香川県,902000
1964,38,愛媛県,1451000
1964,39,高知県,821000
1964,40,福岡県,3954000
1964,41,佐賀県,881000
1964,42,長崎県,1660000
1964,43,熊本県,1783000
1964,44,大分県,1198000
1964,45,宮崎県,1089000
1964,46,鹿児島県,1876000
1964,47,沖縄県,
1965,01,北海道,5171800
1965,02,青森県,1416591
1965,03,岩手県,1411118
1965,04,宮城県,1753126
1965,05,秋田県,1279835
1965,06,山形県,1263103
1965,07,福島県,1983754
1965,08,茨城県,2056154
1965,09,栃木県,1521656
1965,10,群馬県,1605584
1965,11,埼玉県,3014983
1965,12,千葉県,2701770
1965,13,東京都,10869244
1965,14,神奈川県,4430743
1965,15,新潟県,2398931
1965,16,富山県,1025465
1965,17,石川県,980499
1965,18,福井県,750557
1965,19,山梨県,763194
1965,20,長野県,1958007
1965,21,岐阜県,1700365
1965,22,静岡県,2912521
1965,23,愛知県,4798653
1965,24,三重県,1514467
1965,25,滋賀県,853385
1965,26,京都府,2102808
1965,27,大阪府,6657189
1965,28,兵庫県,4309944
1965,29,奈良県,825965
1965,30,和歌山県,1026975
1965,31,鳥取県,579853
1965,32,島根県,821620
1965,33,岡山県,1645135
1965,34,広島県,2281146
1965,35,山口県,1543573
1965,36,徳島県,815115
1965,37,香川県,900845
1965,38,愛媛県,1446384
1965,39,高知県,812714
1965,40,福岡県,3964611
1965,41,佐賀県,871885
1965,42,長崎県,1641245
1965,43,熊本県,1770736
1965,44,大分県,1187480
1965,45,宮崎県,1080692
1965,46,鹿児島県,1853541
1965,47,沖縄県,934176
1966,01,北海道,5187000
1966,02,青森県,1418000
1966,03,岩手県,1403000
1966,04,宮城県,1760000
1966,05,秋田県,1270000
1966,06,山形県,1252000
1966,07,福島県,1969000
1966,08,茨城県,2052000
1966,09,栃木県,1523000
1966,10,群馬県,1605000
1966,11,埼玉県,3161000
1966,12,千葉県,2783000
1966,13,東京都,11018000
1966,14,神奈川県,4595000
1966,15,新潟県,2387000
1966,16,富山県,1022000
1966,17,石川県,980000
1966,18,福井県,746000
1966,19,山梨県,761000
1966,20,長野県,1950000
1966,21,岐阜県,1701000
1966,22,静岡県,2933000
1966,23,愛知県,4886000
1966,24,三重県,1514000
1966,25,滋賀県,853000
1966,26,京都府,2122000
1966,27,大阪府,6815000
1966,28,兵庫県,4360000
1966,29,奈良県,838000
1966,30,和歌山県,1028000
1966,31,鳥取県,575000
1966,32,島根県,810000
1966,33,岡山県,1648000
1966,34,広島県,2301000
1966,35,山口県,1532000
1966,36,徳島県,808000
1966,37,香川県,896000
1966,38,愛媛県,1437000
1966,39,高知県,805000
1966,40,福岡県,3980000
1966,41,佐賀県,868000
1966,42,長崎県,1634000
1966,43,熊本県,1762000
1966,44,大分県,1177000
1966,45,宮崎県,1078000
1966,46,鹿児島県,1836000
1966,47,沖縄県,
1967,01,北海道,5205000
1967,02,青森県,1423000
1967,03,岩手県,1396000
1967,04,宮城県,1774000
1967,05,秋田県,1264000
1967,06,山形県,1247000
1967,07,福島県,1963000
1967,08,茨城県,2064000
1967,09,栃木県,1531000
1967,10,群馬県,1617000
1967,11,埼玉県,3328000
1967,12,千葉県,2903000
1967,13,東京都,11162000
1967,14,神奈川県,4800000
1967,15,新潟県,2383000
1967,16,富山県,1022000
1967,17,石川県,985000
1967,18,福井県,745000
1967,19,山梨県,762000
1967,20,長野県,1949000
1967,21,岐阜県,1713000
1967,22,静岡県,2973000
1967,23,愛知県,4999000
1967,24,三重県,1517000
1967,25,滋賀県,858000
1967,26,京都府,2154000
1967,27,大阪府,7009000
1967,28,兵庫県,4425000
1967,29,奈良県,856000
1967,30,和歌山県,1033000
1967,31,鳥取県,573000
1967,32,島根県,801000
1967,33,岡山県,1660000
1967,34,広島県,2331000
1967,35,山口県,1525000
1967,36,徳島県,804000
1967,37,香川県,898000
1967,38,愛媛県,1432000
1967,39,高知県,801000
1967,40,福岡県,3999000
1967,41,佐賀県,865000
1967,42,長崎県,1627000
1967,43,熊本県,1757000
1967,44,大分県,1171000
1967,45,宮崎県,1075000
1967,46,鹿児島県,1819000
1967,47,沖縄県,
1968,01,北海道,5213000
1968,02,青森県,1426000
1968,03,岩手県,1390000
1968,04,宮城県,1789000
1968,05,秋田県,1256000
1968,06,山形県,1240000
1968,07,福島県,1955000
1968,08,茨城県,2079000
1968,09,栃木県,1543000
1968,10,群馬県,1629000
1968,11,埼玉県,3492000
1968,12,千葉県,3032000
1968,13,東京都,11286000
1968,14,神奈川県,5024000
1968,15,新潟県,2376000
1968,16,富山県,1022000
1968,17,石川県,989000
1968,18,福井県,744000
1968,19,山梨県,761000
1968,20,長野県,1950000
1968,21,岐阜県,1723000
1968,22,静岡県,3011000
1968,23,愛知県,5124000
1968,24,三重県,1522000
1968,25,滋賀県,865000
1968,26,京都府,2187000
1968,27,大阪府,7213000
1968,28,兵庫県,4496000
1968,29,奈良県,877000
1968,30,和歌山県,1037000
1968,31,鳥取県,571000
1968,32,島根県,791000
1968,33,岡山県,1672000
1968,34,広島県,2367000
1968,35,山口県,1515000
1968,36,徳島県,798000
1968,37,香川県,899000
1968,38,愛媛県,1425000
1968,39,高知県,796000
1968,40,福岡県,4009000
1968,41,佐賀県,856000
1968,42,長崎県,1613000
1968,43,熊本県,1742000
1968,44,大分県,1164000
1968,45,宮崎県,1069000
1968,46,鹿児島県,1792000
1968,47,沖縄県,
1969,01,北海道,5210000
1969,02,青森県,1429000
1969,03,岩手県,1382000
1969,04,宮城県,1803000
1969,05,秋田県,1249000
1969,06,山形県,1233000
1969,07,福島県,1951000
1969,08,茨城県,2109000
1969,09,栃木県,1559000
1969,10,群馬県,1643000
1969,11,埼玉県,3670000
1969,12,千葉県,3195000
1969,13,東京都,11367000
1969,14,神奈川県,5240000
1969,15,新潟県,2368000
1969,16,富山県,1025000
1969,17,石川県,995000
1969,18,福井県,743000
1969,19,山梨県,762000
1969,20,長野県,1953000
1969,21,岐阜県,1739000
1969,22,静岡県,3049000
1969,23,愛知県,5258000
1969,24,三重県,1532000
1969,25,滋賀県,875000
1969,26,京都府,2218000
1969,27,大阪府,7424000
1969,28,兵庫県,4584000
1969,29,奈良県,902000
1969,30,和歌山県,1040000
1969,31,鳥取県,570000
1969,32,島根県,782000
1969,33,岡山県,1686000
1969,34,広島県,2403000
1969,35,山口県,1513000
1969,36,徳島県,794000
1969,37,香川県,903000
1969,38,愛媛県,1421000
1969,39,高知県,791000
1969,40,福岡県,4020000
1969,41,佐賀県,844000
1969,42,長崎県,1597000
1969,43,熊本県,1725000
1969,44,大分県,1158000
1969,45,宮崎県,1062000
1969,46,鹿児島県,1762000
1969,47,沖縄県,
1970,01,北海道,5184287
1970,02,青森県,1427520
1970,03,岩手県,1371383
1970,04,宮城県,1819223
1970,05,秋田県,1241376
1970,06,山形県,1225618
1970,07,福島県,1946077
1970,08,茨城県,2143551
1970,09,栃木県,1580021
1970,10,群馬県,1658909
1970,11,埼玉県,3866472
1970,12,千葉県,3366624
1970,13,東京都,11408071
1970,14,神奈川県,5472247
1970,15,新潟県,2360982
1970,16,富山県,1029695
1970,17,石川県,1002420
1970,18,福井県,744230
1970,19,山梨県,762029
1970,20,長野県,1956917
1970,21,岐阜県,1758954
1970,22,静岡県,3089895
1970,23,愛知県,5386163
1970,24,三重県,1543083
1970,25,滋賀県,889768
1970,26,京都府,2250087
1970,27,大阪府,7620480
1970,28,兵庫県,4667928
1970,29,奈良県,930160
1970,30,和歌山県,1042736
1970,31,鳥取県,568777
1970,32,島根県,773575
1970,33,岡山県,1707026
1970,34,広島県,2436135
1970,35,山口県,1511448
1970,36,徳島県,791111
1970,37,香川県,907897
1970,38,愛媛県,1418124
1970,39,高知県,786882
1970,40,福岡県,4027416
1970,41,佐賀県,838468
1970,42,長崎県,1570245
1970,43,熊本県,1700229
1970,44,大分県,1155566
1970,45,宮崎県,1051105
1970,46,鹿児島県,1729150
1970,47,沖縄県,945111
1971,01,北海道,5186000
1971,02,青森県,1429000
1971,03,岩手県,1366000
1971,04,宮城県,1839000
1971,05,秋田県,1234000
1971,06,山形県,1219000
1971,07,福島県,1942000
1971,08,茨城県,2180000
1971,09,栃木県,1605000
1971,10,群馬県,1676000
1971,11,埼玉県,4062000
1971,12,千葉県,3524000
1971,13,東京都,11520000
1971,14,神奈川県,5712000
1971,15,新潟県,2357000
1971,16,富山県,1036000
1971,17,石川県,1012000
1971,18,福井県,748000
1971,19,山梨県,765000
1971,20,長野県,1966000
1971,21,岐阜県,1780000
1971,22,静岡県,3137000
1971,23,愛知県,5527000
1971,24,三重県,1558000
1971,25,滋賀県,909000
1971,26,京都府,2281000
1971,27,大阪府,7805000
1971,28,兵庫県,4740000
1971,29,奈良県,959000
1971,30,和歌山県,1047000
1971,31,鳥取県,568000
1971,32,島根県,767000
1971,33,岡山県,1732000
1971,34,広島県,2480000
1971,35,山口県,1515000
1971,36,徳島県,791000
1971,37,香川県,916000
1971,38,愛媛県,1423000
1971,39,高知県,787000
1971,40,福岡県,4056000
1971,41,佐賀県,831000
1971,42,長崎県,1560000
1971,43,熊本県,1681000
1971,44,大分県,1163000
1971,45,宮崎県,1046000
1971,46,鹿児島県,1710000
1971,47,沖縄県,
1972,01,北海道,5205000
1972,02,青森県,1436000
1972,03,岩手県,1366000
1972,04,宮城県,1861000
1972,05,秋田県,1230000
1972,06,山形県,1215000
1972,07,福島県,1943000
1972,08,茨城県,2210000
1972,09,栃木県,1627000
1972,10,群馬県,1695000
1972,11,埼玉県,4266000
1972,12,千葉県,3677000
1972,13,東京都,11611000
1972,14,神奈川県,5926000
1972,15,新潟県,2358000
1972,16,富山県,1044000
1972,17,石川県,1024000
1972,18,福井県,753000
1972,19,山梨県,769000
1972,20,長野県,1977000
1972,21,岐阜県,1803000
1972,22,静岡県,3180000
1972,23,愛知県,5645000
1972,24,三重県,1575000
1972,25,滋賀県,925000
1972,26,京都府,2323000
1972,27,大阪府,7962000
1972,28,兵庫県,4813000
1972,29,奈良県,993000
1972,30,和歌山県,1054000
1972,31,鳥取県,570000
1972,32,島根県,764000
1972,33,岡山県,1753000
1972,34,広島県,2529000
1972,35,山口県,1523000
1972,36,徳島県,794000
1972,37,香川県,926000
1972,38,愛媛県,1431000
1972,39,高知県,792000
1972,40,福岡県,4100000
1972,41,佐賀県,827000
1972,42,長崎県,1555000
1972,43,熊本県,1673000
1972,44,大分県,1167000
1972,45,宮崎県,1049000
1972,46,鹿児島県,1705000
1972,47,沖縄県,970000
1973,01,北海道,5234000
1973,02,青森県,1444000
1973,03,岩手県,1369000
1973,04,宮城県,1891000
1973,05,秋田県,1227000
1973,06,山形県,1214000
1973,07,福島県,1949000
1973,08,茨城県,2251000
1973,09,栃木県,1653000
1973,10,群馬県,1718000
1973,11,埼玉県,4475000
1973,12,千葉県,3844000
1973,13,東京都,11639000
1973,14,神奈川県,6107000
1973,15,新潟県,2365000
1973,16,富山県,1053000
1973,17,石川県,1040000
1973,18,福井県,761000
1973,19,山梨県,773000
1973,20,長野県,1991000
1973,21,岐阜県,1826000
1973,22,静岡県,3230000
1973,23,愛知県,5757000
1973,24,三重県,1592000
1973,25,滋賀県,944000
1973,26,京都府,2364000
1973,27,大阪府,8083000
1973,28,兵庫県,4880000
1973,29,奈良県,1029000
1973,30,和歌山県,1060000
1973,31,鳥取県,573000
1973,32,島根県,766000
1973,33,岡山県,1772000
1973,34,広島県,2577000
1973,35,山口県,1532000
1973,36,徳島県,797000
1973,37,香川県,938000
1973,38,愛媛県,1440000
1973,39,高知県,798000
1973,40,福岡県,4156000
1973,41,佐賀県,827000
1973,42,長崎県,1554000
1973,43,熊本県,1681000
1973,44,大分県,1171000
1973,45,宮崎県,1057000
1973,46,鹿児島県,1708000
1973,47,沖縄県,995000
1974,01,北海道,5283000
1974,02,青森県,1454000
1974,03,岩手県,1375000
1974,04,宮城県,1924000
1974,05,秋田県,1228000
1974,06,山形県,1216000
1974,07,福島県,1960000
1974,08,茨城県,2298000
1974,09,栃木県,1678000
1974,10,群馬県,1740000
1974,11,埼玉県,4658000
1974,12,千葉県,4007000
1974,13,東京都,11647000
1974,14,神奈川県,6264000
1974,15,新潟県,2377000
1974,16,富山県,1063000
1974,17,石川県,1056000
1974,18,福井県,768000
1974,19,山梨県,778000
1974,20,長野県,2006000
1974,21,岐阜県,1848000
1974,22,静岡県,3273000
1974,23,愛知県,5851000
1974,24,三重県,1610000
1974,25,滋賀県,966000
1974,26,京都府,2396000
1974,27,大阪府,8190000
1974,28,兵庫県,4941000
1974,29,奈良県,1056000
1974,30,和歌山県,1066000
1974,31,鳥取県,578000
1974,32,島根県,767000
1974,33,岡山県,1795000
1974,34,広島県,2615000
1974,35,山口県,1542000
1974,36,徳島県,801000
1974,37,香川県,951000
1974,38,愛媛県,1452000
1974,39,高知県,802000
1974,40,福岡県,4215000
1974,41,佐賀県,832000
1974,42,長崎県,1562000
1974,43,熊本県,1697000
1974,44,大分県,1179000
1974,45,宮崎県,1072000
1974,46,鹿児島県,1714000
1974,47,沖縄県,1021000
1975,01,北海道,5338206
1975,02,青森県,1468646
1975,03,岩手県,1385563
1975,04,宮城県,1955267
1975,05,秋田県,1232481
1975,06,山形県,1220302
1975,07,福島県,1970616
1975,08,茨城県,2342198
1975,09,栃木県,1698003
1975,10,群馬県,1756480
1975,11,埼玉県,4821340
1975,12,千葉県,4149147
1975,13,東京都,11673554
1975,14,神奈川県,6397748
1975,15,新潟県,2391938
1975,16,富山県,1070791
1975,17,石川県,1069872
1975,18,福井県,773599
1975,19,山梨県,783050
1975,20,長野県,2017564
1975,21,岐阜県,1867978
1975,22,静岡県,3308799
1975,23,愛知県,5923569
1975,24,三重県,1626002
1975,25,滋賀県,985621
1975,26,京都府,2424856
1975,27,大阪府,8278925
1975,28,兵庫県,4992140
1975,29,奈良県,1077491
1975,30,和歌山県,1072118
1975,31,鳥取県,581311
1975,32,島根県,768886
1975,33,岡山県,1814305
1975,34,広島県,2646324
1975,35,山口県,1555218
1975,36,徳島県,805166
1975,37,香川県,961292
1975,38,愛媛県,1465215
1975,39,高知県,808397
1975,40,福岡県,4292963
1975,41,佐賀県,837674
1975,42,長崎県,1571912
1975,43,熊本県,1715273
1975,44,大分県,1190314
1975,45,宮崎県,1085055
1975,46,鹿児島県,1723902
1975,47,沖縄県,1042572
1976,01,北海道,5395000
1976,02,青森県,1484000
1976,03,岩手県,1395000
1976,04,宮城県,1984000
1976,05,秋田県,1239000
1976,06,山形県,1227000
1976,07,福島県,1984000
1976,08,茨城県,2380000
1976,09,栃木県,1717000
1976,10,群馬県,1778000
1976,11,埼玉県,4964000
1976,12,千葉県,4267000
1976,13,東京都,11674000
1976,14,神奈川県,6510000
1976,15,新潟県,2406000
1976,16,富山県,1079000
1976,17,石川県,1082000
1976,18,福井県,779000
1976,19,山梨県,787000
1976,20,長野県,2033000
1976,21,岐阜県,1889000
1976,22,静岡県,3341000
1976,23,愛知県,5988000
1976,24,三重県,1638000
1976,25,滋賀県,1006000
1976,26,京都府,2452000
1976,27,大阪府,8330000
1976,28,兵庫県,5029000
1976,29,奈良県,1098000
1976,30,和歌山県,1077000
1976,31,鳥取県,586000
1976,32,島根県,771000
1976,33,岡山県,1829000
1976,34,広島県,2670000
1976,35,山口県,1564000
1976,36,徳島県,809000
1976,37,香川県,970000
1976,38,愛媛県,1476000
1976,39,高知県,814000
1976,40,福岡県,4353000
1976,41,佐賀県,842000
1976,42,長崎県,1576000
1976,43,熊本県,1731000
1976,44,大分県,1199000
1976,45,宮崎県,1100000
1976,46,鹿児島県,1735000
1976,47,沖縄県,1058000
1977,01,北海道,5443000
1977,02,青森県,1496000
1977,03,岩手県,1401000
1977,04,宮城県,2008000
1977,05,秋田県,1245000
1977,06,山形県,1234000
1977,07,福島県,1998000
1977,08,茨城県,2417000
1977,09,栃木県,1736000
1977,10,群馬県,1799000
1977,11,埼玉県,5091000
1977,12,千葉県,4382000
1977,13,東京都,11669000
1977,14,神奈川県,6616000
1977,15,新潟県,2417000
1977,16,富山県,1085000
1977,17,石川県,1091000
1977,18,福井県,783000
1977,19,山梨県,792000
1977,20,長野県,2048000
1977,21,岐阜県,1909000
1977,22,静岡県,3368000
1977,23,愛知県,6052000
1977,24,三重県,1649000
1977,25,滋賀県,1026000
1977,26,京都府,2474000
1977,27,大阪府,8373000
1977,28,兵庫県,5063000
1977,29,奈良県,1124000
1977,30,和歌山県,1080000
1977,31,鳥取県,591000
1977,32,島根県,775000
1977,33,岡山県,1840000
1977,34,広島県,2689000
1977,35,山口県,1573000
1977,36,徳島県,813000
1977,37,香川県,979000
1977,38,愛媛県,1486000
1977,39,高知県,819000
1977,40,福岡県,4411000
1977,41,佐賀県,848000
1977,42,長崎県,1582000
1977,43,熊本県,1747000
1977,44,大分県,1207000
1977,45,宮崎県,1114000
1977,46,鹿児島県,1747000
1977,47,沖縄県,1071000
1978,01,北海道,5490000
1978,02,青森県,1507000
1978,03,岩手県,1409000
1978,04,宮城県,2032000
1978,05,秋田県,1250000
1978,06,山形県,1241000
1978,07,福島県,2012000
1978,08,茨城県,2463000
1978,09,栃木県,1753000
1978,10,群馬県,1817000
1978,11,埼玉県,5208000
1978,12,千葉県,4508000
1978,13,東京都,11659000
1978,14,神奈川県,6728000
1978,15,新潟県,2428000
1978,16,富山県,1092000
1978,17,石川県,1100000
1978,18,福井県,787000
1978,19,山梨県,796000
1978,20,長野県,2062000
1978,21,岐阜県,1927000
1978,22,静岡県,3396000
1978,23,愛知県,6115000
1978,24,三重県,1661000
1978,25,滋賀県,1043000
1978,26,京都府,2494000
1978,27,大阪府,8412000
1978,28,兵庫県,5093000
1978,29,奈良県,1152000
1978,30,和歌山県,1084000
1978,31,鳥取県,595000
1978,32,島根県,779000
1978,33,岡山県,1850000
1978,34,広島県,2703000
1978,35,山口県,1579000
1978,36,徳島県,818000
1978,37,香川県,986000
1978,38,愛媛県,1493000
1978,39,高知県,824000
1978,40,福岡県,4460000
1978,41,佐賀県,854000
1978,42,長崎県,1587000
1978,43,熊本県,1763000
1978,44,大分県,1215000
1978,45,宮崎県,1127000
1978,46,鹿児島県,1760000
1978,47,沖縄県,1081000
1979,01,北海道,5535000
1979,02,青森県,1516000
1979,03,岩手県,1416000
1979,04,宮城県,2059000
1979,05,秋田県,1254000
1979,06,山形県,1247000
1979,07,福島県,2023000
1979,08,茨城県,2510000
1979,09,栃木県,1775000
1979,10,群馬県,1833000
1979,11,埼玉県,5318000
1979,12,千葉県,4626000
1979,13,東京都,11637000
1979,14,神奈川県,6832000
1979,15,新潟県,2439000
1979,16,富山県,1098000
1979,17,石川県,1110000
1979,18,福井県,791000
1979,19,山梨県,800000
1979,20,長野県,2074000
1979,21,岐阜県,1943000
1979,22,静岡県,3423000
1979,23,愛知県,6171000
1979,24,三重県,1672000
1979,25,滋賀県,1061000
1979,26,京都府,2512000
1979,27,大阪府,8445000
1979,28,兵庫県,5119000
1979,29,奈良県,1181000
1979,30,和歌山県,1086000
1979,31,鳥取県,600000
1979,32,島根県,782000
1979,33,岡山県,1861000
1979,34,広島県,2717000
1979,35,山口県,1583000
1979,36,徳島県,822000
1979,37,香川県,993000
1979,38,愛媛県,1500000
1979,39,高知県,829000
1979,40,福岡県,4506000
1979,41,佐賀県,860000
1979,42,長崎県,1588000
1979,43,熊本県,1777000
1979,44,大分県,1223000
1979,45,宮崎県,1141000
1979,46,鹿児島県,1773000
1979,47,沖縄県,1094000
1980,01,北海道,5575989
1980,02,青森県,1523907
1980,03,岩手県,1421927
1980,04,宮城県,2082320
1980,05,秋田県,1256745
1980,06,山形県,1251917
1980,07,福島県,2035272
1980,08,茨城県,2558007
1980,09,栃木県,1792201
1980,10,群馬県,1848562
1980,11,埼玉県,5420480
1980,12,千葉県,4735424
1980,13,東京都,11618281
1980,14,神奈川県,6924348
1980,15,新潟県,2451357
1980,16,富山県,1103459
1980,17,石川県,1119304
1980,18,福井県,794354
1980,19,山梨県,804256
1980,20,長野県,2083934
1980,21,岐阜県,1960107
1980,22,静岡県,3446804
1980,23,愛知県,6221638
1980,24,三重県,1686936
1980,25,滋賀県,1079898
1980,26,京都府,2527330
1980,27,大阪府,8473446
1980,28,兵庫県,5144892
1980,29,奈良県,1209365
1980,30,和歌山県,1087012
1980,31,鳥取県,604221
1980,32,島根県,784795
1980,33,岡山県,1871023
1980,34,広島県,2739161
1980,35,山口県,1587079
1980,36,徳島県,825261
1980,37,香川県,999864
1980,38,愛媛県,1506637
1980,39,高知県,831275
1980,40,福岡県,4553461
1980,41,佐賀県,865574
1980,42,長崎県,1590564
1980,43,熊本県,1790327
1980,44,大分県,1228913
1980,45,宮崎県,1151587
1980,46,鹿児島県,1784623
1980,47,沖縄県,1106559
1981,01,北海道,5605000
1981,02,青森県,1526000
1981,03,岩手県,1426000
1981,04,宮城県,2104000
1981,05,秋田県,1259000
1981,06,山形県,1255000
1981,07,福島県,2043000
1981,08,茨城県,2595000
1981,09,栃木県,1807000
1981,10,群馬県,1864000
1981,11,埼玉県,5520000
1981,12,千葉県,4834000
1981,13,東京都,11626000
1981,14,神奈川県,7022000
1981,15,新潟県,2459000
1981,16,富山県,1106000
1981,17,石川県,1127000
1981,18,福井県,798000
1981,19,山梨県,809000
1981,20,長野県,2093000
1981,21,岐阜県,1975000
1981,22,静岡県,3472000
1981,23,愛知県,6266000
1981,24,三重県,1702000
1981,25,滋賀県,1097000
1981,26,京都府,2539000
1981,27,大阪府,8509000
1981,28,兵庫県,5171000
1981,29,奈良県,1233000
1981,30,和歌山県,1088000
1981,31,鳥取県,607000
1981,32,島根県,787000
1981,33,岡山県,1881000
1981,34,広島県,2761000
1981,35,山口県,1592000
1981,36,徳島県,827000
1981,37,香川県,1005000
1981,38,愛媛県,1512000
1981,39,高知県,833000
1981,40,福岡県,4594000
1981,41,佐賀県,869000
1981,42,長崎県,1594000
1981,43,熊本県,1802000
1981,44,大分県,1234000
1981,45,宮崎県,1158000
1981,46,鹿児島県,1794000
1981,47,沖縄県,1119000
1982,01,北海道,5630000
1982,02,青森県,1527000
1982,03,岩手県,1429000
1982,04,宮城県,2125000
1982,05,秋田県,1258000
1982,06,山形県,1257000
1982,07,福島県,2052000
1982,08,茨城県,2636000
1982,09,栃木県,1822000
1982,10,群馬県,1879000
1982,11,埼玉県,5615000
1982,12,千葉県,4923000
1982,13,東京都,11650000
1982,14,神奈川県,7127000
1982,15,新潟県,2465000
1982,16,富山県,1110000
1982,17,石川県,1134000
1982,18,福井県,803000
1982,19,山梨県,813000
1982,20,長野県,2102000
1982,21,岐阜県,1990000
1982,22,静岡県,3498000
1982,23,愛知県,6309000
1982,24,三重県,1716000
1982,25,滋賀県,1112000
1982,26,京都府,2553000
1982,27,大阪府,8543000
1982,28,兵庫県,5198000
1982,29,奈良県,1254000
1982,30,和歌山県,1090000
1982,31,鳥取県,610000
1982,32,島根県,790000
1982,33,岡山県,1891000
1982,34,広島県,2777000
1982,35,山口県,1597000
1982,36,徳島県,830000
1982,37,香川県,1010000
1982,38,愛媛県,1517000
1982,39,高知県,836000
1982,40,福岡県,4632000
1982,41,佐賀県,873000
1982,42,長崎県,1595000
1982,43,熊本県,1811000
1982,44,大分県,1239000
1982,45,宮崎県,1166000
1982,46,鹿児島県,1801000
1982,47,沖縄県,1132000
1983,01,北海道,5656000
1983,02,青森県,1528000
1983,03,岩手県,1432000
1983,04,宮城県,2144000
1983,05,秋田県,1256000
1983,06,山形県,1258000
1983,07,福島県,2061000
1983,08,茨城県,2670000
1983,09,栃木県,1835000
1983,10,群馬県,1893000
1983,11,埼玉県,5700000
1983,12,千葉県,5005000
1983,13,東京都,11700000
1983,14,神奈川県,7227000
1983,15,新潟県,2469000
1983,16,富山県,1113000
1983,17,石川県,1141000
1983,18,福井県,809000
1983,19,山梨県,820000
1983,20,長野県,2112000
1983,21,岐阜県,2004000
1983,22,静岡県,3522000
1983,23,愛知県,6353000
1983,24,三重県,1728000
1983,25,滋賀県,1127000
1983,26,京都府,2569000
1983,27,大阪府,8588000
1983,28,兵庫県,5227000
1983,29,奈良県,1273000
1983,30,和歌山県,1090000
1983,31,鳥取県,612000
1983,32,島根県,790000
1983,33,岡山県,1901000
1983,34,広島県,2793000
1983,35,山口県,1600000
1983,36,徳島県,831000
1983,37,香川県,1014000
1983,38,愛媛県,1522000
1983,39,高知県,838000
1983,40,福岡県,4667000
1983,41,佐賀県,876000
1983,42,長崎県,1596000
1983,43,熊本県,1820000
1983,44,大分県,1243000
1983,45,宮崎県,1170000
1983,46,鹿児島県,1807000
1983,47,沖縄県,1146000
1984,01,北海道,5672000
1984,02,青森県,1527000
1984,03,岩手県,1433000
1984,04,宮城県,2161000
1984,05,秋田県,1255000
1984,06,山形県,1260000
1984,07,福島県,2071000
1984,08,茨城県,2698000
1984,09,栃木県,1850000
1984,10,群馬県,1908000
1984,11,埼玉県,5784000
1984,12,千葉県,5079000
1984,13,東京都,11759000
1984,14,神奈川県,7328000
1984,15,新潟県,2474000
1984,16,富山県,1116000
1984,17,石川県,1147000
1984,18,福井県,813000
1984,19,山梨県,826000
1984,20,長野県,2125000
1984,21,岐阜県,2017000
1984,22,静岡県,3547000
1984,23,愛知県,6401000
1984,24,三重県,1737000
1984,25,滋賀県,1141000
1984,26,京都府,2578000
1984,27,大阪府,8632000
1984,28,兵庫県,5252000
1984,29,奈良県,1290000
1984,30,和歌山県,1088000
1984,31,鳥取県,614000
1984,32,島根県,793000
1984,33,岡山県,1909000
1984,34,広島県,2807000
1984,35,山口県,1601000
1984,36,徳島県,834000
1984,37,香川県,1018000
1984,38,愛媛県,1526000
1984,39,高知県,839000
1984,40,福岡県,4697000
1984,41,佐賀県,878000
1984,42,長崎県,1595000
1984,43,熊本県,1830000
1984,44,大分県,1248000
1984,45,宮崎県,1173000
1984,46,鹿児島県,1814000
1984,47,沖縄県,1161000
1985,01,北海道,5679439
1985,02,青森県,1524448
1985,03,岩手県,1433611
1985,04,宮城県,2176295
1985,05,秋田県,1254032
1985,06,山形県,1261662
1985,07,福島県,2080304
1985,08,茨城県,2725005
1985,09,栃木県,1866066
1985,10,群馬県,1921259
1985,11,埼玉県,5863678
1985,12,千葉県,5148163
1985,13,東京都,11829363
1985,14,神奈川県,7431974
1985,15,新潟県,2478470
1985,16,富山県,1118369
1985,17,石川県,1152325
1985,18,福井県,817633
1985,19,山梨県,832832
1985,20,長野県,2136927
1985,21,岐阜県,2028536
1985,22,静岡県,3574692
1985,23,愛知県,6455172
1985,24,三重県,1747311
1985,25,滋賀県,1155844
1985,26,京都府,2586574
1985,27,大阪府,8668095
1985,28,兵庫県,5278050
1985,29,奈良県,1304866
1985,30,和歌山県,1087206
1985,31,鳥取県,616024
1985,32,島根県,794629
1985,33,岡山県,1916906
1985,34,広島県,2819200
1985,35,山口県,1601627
1985,36,徳島県,834889
1985,37,香川県,1022569
1985,38,愛媛県,1529983
1985,39,高知県,839784
1985,40,福岡県,4719259
1985,41,佐賀県,880013
1985,42,長崎県,1593968
1985,43,熊本県,1837747
1985,44,大分県,1250214
1985,45,宮崎県,1175543
1985,46,鹿児島県,1819270
1985,47,沖縄県,1179097
1986,01,北海道,5673000
1986,02,青森県,1517000
1986,03,岩手県,1431000
1986,04,宮城県,2190000
1986,05,秋田県,1249000
1986,06,山形県,1262000
1986,07,福島県,2085000
1986,08,茨城県,2746000
1986,09,栃木県,1880000
1986,10,群馬県,1931000
1986,11,埼玉県,5954000
1986,12,千葉県,5219000
1986,13,東京都,11888000
1986,14,神奈川県,7553000
1986,15,新潟県,2478000
1986,16,富山県,1119000
1986,17,石川県,1155000
1986,18,福井県,819000
1986,19,山梨県,837000
1986,20,長野県,2143000
1986,21,岐阜県,2036000
1986,22,静岡県,3597000
1986,23,愛知県,6512000
1986,24,三重県,1756000
1986,25,滋賀県,1166000
1986,26,京都府,2595000
1986,27,大阪府,8705000
1986,28,兵庫県,5300000
1986,29,奈良県,1318000
1986,30,和歌山県,1083000
1986,31,鳥取県,616000
1986,32,島根県,793000
1986,33,岡山県,1921000
1986,34,広島県,2829000
1986,35,山口県,1598000
1986,36,徳島県,835000
1986,37,香川県,1024000
1986,38,愛媛県,1528000
1986,39,高知県,838000
1986,40,福岡県,4741000
1986,41,佐賀県,880000
1986,42,長崎県,1589000
1986,43,熊本県,1840000
1986,44,大分県,1249000
1986,45,宮崎県,1174000
1986,46,鹿児島県,1816000
1986,47,沖縄県,1188000
1987,01,北海道,5660000
1987,02,青森県,1511000
1987,03,岩手県,1427000
1987,04,宮城県,2206000
1987,05,秋田県,1244000
1987,06,山形県,1262000
1987,07,福島県,2091000
1987,08,茨城県,2769000
1987,09,栃木県,1895000
1987,10,群馬県,1941000
1987,11,埼玉県,6071000
1987,12,千葉県,5307000
1987,13,東京都,11887000
1987,14,神奈川県,7684000
1987,15,新潟県,2477000
1987,16,富山県,1120000
1987,17,石川県,1158000
1987,18,福井県,822000
1987,19,山梨県,841000
1987,20,長野県,2148000
1987,21,岐阜県,2044000
1987,22,静岡県,3619000
1987,23,愛知県,6566000
1987,24,三重県,1765000
1987,25,滋賀県,1178000
1987,26,京都府,2601000
1987,27,大阪府,8737000
1987,28,兵庫県,5319000
1987,29,奈良県,1333000
1987,30,和歌山県,1079000
1987,31,鳥取県,616000
1987,32,島根県,792000
1987,33,岡山県,1924000
1987,34,広島県,2834000
1987,35,山口県,1592000
1987,36,徳島県,835000
1987,37,香川県,1024000
1987,38,愛媛県,1525000
1987,39,高知県,836000
1987,40,福岡県,4756000
1987,41,佐賀県,880000
1987,42,長崎県,1584000
1987,43,熊本県,1842000
1987,44,大分県,1247000
1987,45,宮崎県,1174000
1987,46,鹿児島県,1816000
1987,47,沖縄県,1199000
1988,01,北海道,5656000
1988,02,青森県,1502000
1988,03,岩手県,1424000
1988,04,宮城県,2221000
1988,05,秋田県,1238000
1988,06,山形県,1262000
1988,07,福島県,2095000
1988,08,茨城県,2795000
1988,09,栃木県,1908000
1988,10,群馬県,1949000
1988,11,埼玉県,6195000
1988,12,千葉県,5403000
1988,13,東京都,11873000
1988,14,神奈川県,7794000
1988,15,新潟県,2476000
1988,16,富山県,1120000
1988,17,石川県,1160000
1988,18,福井県,822000
1988,19,山梨県,845000
1988,20,長野県,2149000
1988,21,岐阜県,2051000
1988,22,静岡県,3639000
1988,23,愛知県,6606000
1988,24,三重県,1772000
1988,25,滋賀県,1191000
1988,26,京都府,2604000
1988,27,大阪府,8748000
1988,28,兵庫県,5344000
1988,29,奈良県,1347000
1988,30,和歌山県,1076000
1988,31,鳥取県,617000
1988,32,島根県,789000
1988,33,岡山県,1925000
1988,34,広島県,2838000
1988,35,山口県,1587000
1988,36,徳島県,834000
1988,37,香川県,1025000
1988,38,愛媛県,1522000
1988,39,高知県,833000
1988,40,福岡県,4773000
1988,41,佐賀県,880000
1988,42,長崎県,1578000
1988,43,熊本県,1842000
1988,44,大分県,1243000
1988,45,宮崎県,1173000
1988,46,鹿児島県,1812000
1988,47,沖縄県,1208000
1989,01,北海道,5649000
1989,02,青森県,1492000
1989,03,岩手県,1419000
1989,04,宮城県,2236000
1989,05,秋田県,1232000
1989,06,山形県,1260000
1989,07,福島県,2100000
1989,08,茨城県,2822000
1989,09,栃木県,1921000
1989,10,群馬県,1959000
1989,11,埼玉県,6308000
1989,12,千葉県,5487000
1989,13,東京都,11863000
1989,14,神奈川県,7891000
1989,15,新潟県,2476000
1989,16,富山県,1121000
1989,17,石川県,1163000
1989,18,福井県,823000
1989,19,山梨県,849000
1989,20,長野県,2153000
1989,21,岐阜県,2058000
1989,22,静岡県,3657000
1989,23,愛知県,6649000
1989,24,三重県,1782000
1989,25,滋賀県,1206000
1989,26,京都府,2604000
1989,27,大阪府,8744000
1989,28,兵庫県,5372000
1989,29,奈良県,1363000
1989,30,和歌山県,1074000
1989,31,鳥取県,616000
1989,32,島根県,785000
1989,33,岡山県,1925000
1989,34,広島県,2843000
1989,35,山口県,1581000
1989,36,徳島県,833000
1989,37,香川県,1023000
1989,38,愛媛県,1519000
1989,39,高知県,830000
1989,40,福岡県,4793000
1989,41,佐賀県,879000
1989,42,長崎県,1570000
1989,43,熊本県,1841000
1989,44,大分県,1240000
1989,45,宮崎県,1172000
1989,46,鹿児島県,1805000
1989,47,沖縄県,1215000
1990,01,北海道,5643647
1990,02,青森県,1482873
1990,03,岩手県,1416928
1990,04,宮城県,2248558
1990,05,秋田県,1227478
1990,06,山形県,1258390
1990,07,福島県,2104058
1990,08,茨城県,2845382
1990,09,栃木県,1935168
1990,10,群馬県,1966265
1990,11,埼玉県,6405319
1990,12,千葉県,5555429
1990,13,東京都,11855563
1990,14,神奈川県,7980391
1990,15,新潟県,2474583
1990,16,富山県,1120161
1990,17,石川県,1164628
1990,18,福井県,823585
1990,19,山梨県,852966
1990,20,長野県,2156627
1990,21,岐阜県,2066569
1990,22,静岡県,3670840
1990,23,愛知県,6690603
1990,24,三重県,1792514
1990,25,滋賀県,1222411
1990,26,京都府,2602460
1990,27,大阪府,8734516
1990,28,兵庫県,5405040
1990,29,奈良県,1375481
1990,30,和歌山県,1074325
1990,31,鳥取県,615722
1990,32,島根県,781021
1990,33,岡山県,1925877
1990,34,広島県,2849847
1990,35,山口県,1572616
1990,36,徳島県,831598
1990,37,香川県,1023412
1990,38,愛媛県,1515025
1990,39,高知県,825034
1990,40,福岡県,4811050
1990,41,佐賀県,877851
1990,42,長崎県,1562959
1990,43,熊本県,1840326
1990,44,大分県,1236942
1990,45,宮崎県,1168907
1990,46,鹿児島県,1797824
1990,47,沖縄県,1222398
1991,01,北海道,5650000
1991,02,青森県,1479000
1991,03,岩手県,1416000
1991,04,宮城県,2267000
1991,05,秋田県,1223000
1991,06,山形県,1257000
1991,07,福島県,2109000
1991,08,茨城県,2871000
1991,09,栃木県,1948000
1991,10,群馬県,1974000
1991,11,埼玉県,6486000
1991,12,千葉県,5617000
1991,13,東京都,11894000
1991,14,神奈川県,8050000
1991,15,新潟県,2475000
1991,16,富山県,1121000
1991,17,石川県,1167000
1991,18,福井県,823000
1991,19,山梨県,860000
1991,20,長野県,2162000
1991,21,岐阜県,2073000
1991,22,静岡県,3687000
1991,23,愛知県,6729000
1991,24,三重県,1803000
1991,25,滋賀県,1235000
1991,26,京都府,2608000
1991,27,大阪府,8750000
1991,28,兵庫県,5426000
1991,29,奈良県,1388000
1991,30,和歌山県,1076000
1991,31,鳥取県,615000
1991,32,島根県,778000
1991,33,岡山県,1930000
1991,34,広島県,2859000
1991,35,山口県,1569000
1991,36,徳島県,831000
1991,37,香川県,1023000
1991,38,愛媛県,1513000
1991,39,高知県,822000
1991,40,福岡県,4834000
1991,41,佐賀県,878000
1991,42,長崎県,1557000
1991,43,熊本県,1844000
1991,44,大分県,1235000
1991,45,宮崎県,1167000
1991,46,鹿児島県,1793000
1991,47,沖縄県,1230000
1992,01,北海道,5661000
1992,02,青森県,1476000
1992,03,岩手県,1416000
1992,04,宮城県,2283000
1992,05,秋田県,1220000
1992,06,山形県,1257000
1992,07,福島県,2116000
1992,08,茨城県,2898000
1992,09,栃木県,1959000
1992,10,群馬県,1984000
1992,11,埼玉県,6567000
1992,12,千葉県,5679000
1992,13,東京都,11887000
1992,14,神奈川県,8116000
1992,15,新潟県,2476000
1992,16,富山県,1120000
1992,17,石川県,1171000
1992,18,福井県,823000
1992,19,山梨県,865000
1992,20,長野県,2169000
1992,21,岐阜県,2082000
1992,22,静岡県,3704000
1992,23,愛知県,6776000
1992,24,三重県,1814000
1992,25,滋賀県,1248000
1992,26,京都府,2615000
1992,27,大阪府,8761000
1992,28,兵庫県,5443000
1992,29,奈良県,1400000
1992,30,和歌山県,1076000
1992,31,鳥取県,615000
1992,32,島根県,775000
1992,33,岡山県,1935000
1992,34,広島県,2867000
1992,35,山口県,1565000
1992,36,徳島県,830000
1992,37,香川県,1024000
1992,38,愛媛県,1511000
1992,39,高知県,819000
1992,40,福岡県,4859000
1992,41,佐賀県,879000
1992,42,長崎県,1552000
1992,43,熊本県,1846000
1992,44,大分県,1233000
1992,45,宮崎県,1167000
1992,46,鹿児島県,1789000
1992,47,沖縄県,1239000
1993,01,北海道,5669000
1993,02,青森県,1476000
1993,03,岩手県,1417000
1993,04,宮城県,2299000
1993,05,秋田県,1217000
1993,06,山形県,1256000
1993,07,福島県,2123000
1993,08,茨城県,2920000
1993,09,栃木県,1969000
1993,10,群馬県,1990000
1993,11,埼玉県,6640000
1993,12,千葉県,5731000
1993,13,東京都,11849000
1993,14,神奈川県,8166000
1993,15,新潟県,2479000
1993,16,富山県,1121000
1993,17,石川県,1173000
1993,18,福井県,824000
1993,19,山梨県,871000
1993,20,長野県,2175000
1993,21,岐阜県,2089000
1993,22,静岡県,3716000
1993,23,愛知県,6810000
1993,24,三重県,1823000
1993,25,滋賀県,1261000
1993,26,京都府,2618000
1993,27,大阪府,8762000
1993,28,兵庫県,5457000
1993,29,奈良県,1412000
1993,30,和歌山県,1077000
1993,31,鳥取県,614000
1993,32,島根県,773000
1993,33,岡山県,1940000
1993,34,広島県,2873000
1993,35,山口県,1561000
1993,36,徳島県,831000
1993,37,香川県,1025000
1993,38,愛媛県,1508000
1993,39,高知県,817000
1993,40,福岡県,4885000
1993,41,佐賀県,880000
1993,42,長崎県,1550000
1993,43,熊本県,1850000
1993,44,大分県,1231000
1993,45,宮崎県,1171000
1993,46,鹿児島県,1788000
1993,47,沖縄県,1250000
1994,01,北海道,5681000
1994,02,青森県,1480000
1994,03,岩手県,1418000
1994,04,宮城県,2313000
1994,05,秋田県,1216000
1994,06,山形県,1256000
1994,07,福島県,2129000
1994,08,茨城県,2940000
1994,09,栃木県,1977000
1994,10,群馬県,1996000
1994,11,埼玉県,6703000
1994,12,千葉県,5767000
1994,13,東京都,11796000
1994,14,神奈川県,8207000
1994,15,新潟県,2484000
1994,16,富山県,1121000
1994,17,石川県,1176000
1994,18,福井県,825000
1994,19,山梨県,877000
1994,20,長野県,2184000
1994,21,岐阜県,2095000
1994,22,静岡県,3729000
1994,23,愛知県,6839000
1994,24,三重県,1833000
1994,25,滋賀県,1273000
1994,26,京都府,2622000
1994,27,大阪府,8759000
1994,28,兵庫県,5469000
1994,29,奈良県,1420000
1994,30,和歌山県,1080000
1994,31,鳥取県,614000
1994,32,島根県,772000
1994,33,岡山県,1945000
1994,34,広島県,2877000
1994,35,山口県,1559000
1994,36,徳島県,830000
1994,37,香川県,1026000
1994,38,愛媛県,1508000
1994,39,高知県,817000
1994,40,福岡県,4909000
1994,41,佐賀県,883000
1994,42,長崎県,1549000
1994,43,熊本県,1855000
1994,44,大分県,1232000
1994,45,宮崎県,1174000
1994,46,鹿児島県,1791000
1994,47,沖縄県,1262000
1995,01,北海道,5692321
1995,02,青森県,1481663
1995,03,岩手県,1419505
1995,04,宮城県,2328739
1995,05,秋田県,1213667
1995,06,山形県,1256958
1995,07,福島県,2133592
1995,08,茨城県,2955530
1995,09,栃木県,1984390
1995,10,群馬県,2003540
1995,11,埼玉県,6759311
1995,12,千葉県,5797782
1995,13,東京都,11773605
1995,14,神奈川県,8245900
1995,15,新潟県,2488364
1995,16,富山県,1123125
1995,17,石川県,1180068
1995,18,福井県,826996
1995,19,山梨県,881996
1995,20,長野県,2193984
1995,21,岐阜県,2100315
1995,22,静岡県,3737689
1995,23,愛知県,6868336
1995,24,三重県,1841358
1995,25,滋賀県,1287005
1995,26,京都府,2629592
1995,27,大阪府,8797268
1995,28,兵庫県,5401877
1995,29,奈良県,1430862
1995,30,和歌山県,1080435
1995,31,鳥取県,614929
1995,32,島根県,771441
1995,33,岡山県,1950750
1995,34,広島県,2881748
1995,35,山口県,1555543
1995,36,徳島県,832427
1995,37,香川県,1027006
1995,38,愛媛県,1506700
1995,39,高知県,816704
1995,40,福岡県,4933393
1995,41,佐賀県,884316
1995,42,長崎県,1544934
1995,43,熊本県,1859793
1995,44,大分県,1231306
1995,45,宮崎県,1175819
1995,46,鹿児島県,1794224
1995,47,沖縄県,1273440
1996,01,北海道,5697000
1996,02,青森県,1483000
1996,03,岩手県,1420000
1996,04,宮城県,2338000
1996,05,秋田県,1210000
1996,06,山形県,1255000
1996,07,福島県,2134000
1996,08,茨城県,2966000
1996,09,栃木県,1991000
1996,10,群馬県,2009000
1996,11,埼玉県,6804000
1996,12,千葉県,5817000
1996,13,東京都,11808000
1996,14,神奈川県,8279000
1996,15,新潟県,2490000
1996,16,富山県,1125000
1996,17,石川県,1181000
1996,18,福井県,828000
1996,19,山梨県,885000
1996,20,長野県,2203000
1996,21,岐阜県,2104000
1996,22,静岡県,3745000
1996,23,愛知県,6897000
1996,24,三重県,1846000
1996,25,滋賀県,1298000
1996,26,京都府,2634000
1996,27,大阪府,8807000
1996,28,兵庫県,5421000
1996,29,奈良県,1437000
1996,30,和歌山県,1079000
1996,31,鳥取県,615000
1996,32,島根県,770000
1996,33,岡山県,1951000
1996,34,広島県,2881000
1996,35,山口県,1550000
1996,36,徳島県,831000
1996,37,香川県,1027000
1996,38,愛媛県,1505000
1996,39,高知県,816000
1996,40,福岡県,4952000
1996,41,佐賀県,884000
1996,42,長崎県,1540000
1996,43,熊本県,1861000
1996,44,大分県,1230000
1996,45,宮崎県,1177000
1996,46,鹿児島県,1793000
1996,47,沖縄県,1282000
1997,01,北海道,5699000
1997,02,青森県,1481000
1997,03,岩手県,1419000
1997,04,宮城県,2348000
1997,05,秋田県,1205000
1997,06,山形県,1253000
1997,07,福島県,2134000
1997,08,茨城県,2973000
1997,09,栃木県,1996000
1997,10,群馬県,2013000
1997,11,埼玉県,6841000
1997,12,千葉県,5839000
1997,13,東京都,11881000
1997,14,神奈川県,8319000
1997,15,新潟県,2490000
1997,16,富山県,1124000
1997,17,石川県,1181000
1997,18,福井県,828000
1997,19,山梨県,886000
1997,20,長野県,2207000
1997,21,岐阜県,2106000
1997,22,静岡県,3752000
1997,23,愛知県,6931000
1997,24,三重県,1851000
1997,25,滋賀県,1310000
1997,26,京都府,2638000
1997,27,大阪府,8808000
1997,28,兵庫県,5455000
1997,29,奈良県,1442000
1997,30,和歌山県,1078000
1997,31,鳥取県,614000
1997,32,島根県,768000
1997,33,岡山県,1952000
1997,34,広島県,2882000
1997,35,山口県,1545000
1997,36,徳島県,830000
1997,37,香川県,1026000
1997,38,愛媛県,1503000
1997,39,高知県,816000
1997,40,福岡県,4971000
1997,41,佐賀県,882000
1997,42,長崎県,1533000
1997,43,熊本県,1861000
1997,44,大分県,1228000
1997,45,宮崎県,1175000
1997,46,鹿児島県,1792000
1997,47,沖縄県,1289000
1998,01,北海道,5695000
1998,02,青森県,1479000
1998,03,岩手県,1419000
1998,04,宮城県,2355000
1998,05,秋田県,1200000
1998,06,山形県,1251000
1998,07,福島県,2132000
1998,08,茨城県,2980000
1998,09,栃木県,2001000
1998,10,群馬県,2017000
1998,11,埼玉県,6877000
1998,12,千葉県,5867000
1998,13,東京都,11939000
1998,14,神奈川県,8383000
1998,15,新潟県,2488000
1998,16,富山県,1124000
1998,17,石川県,1181000
1998,18,福井県,828000
1998,19,山梨県,888000
1998,20,長野県,2210000
1998,21,岐阜県,2108000
1998,22,静岡県,3758000
1998,23,愛知県,6973000
1998,24,三重県,1855000
1998,25,滋賀県,1323000
1998,26,京都府,2643000
1998,27,大阪府,8813000
1998,28,兵庫県,5494000
1998,29,奈良県,1443000
1998,30,和歌山県,1076000
1998,31,鳥取県,615000
1998,32,島根県,765000
1998,33,岡山県,1953000
1998,34,広島県,2882000
1998,35,山口県,1540000
1998,36,徳島県,829000
1998,37,香川県,1025000
1998,38,愛媛県,1501000
1998,39,高知県,816000
1998,40,福岡県,4990000
1998,41,佐賀県,881000
1998,42,長崎県,1526000
1998,43,熊本県,1862000
1998,44,大分県,1226000
1998,45,宮崎県,1173000
1998,46,鹿児島県,1790000
1998,47,沖縄県,1298000
1999,01,北海道,5689000
1999,02,青森県,1477000
1999,03,岩手県,1417000
1999,04,宮城県,2360000
1999,05,秋田県,1195000
1999,06,山形県,1247000
1999,07,福島県,2129000
1999,08,茨城県,2981000
1999,09,栃木県,2003000
1999,10,群馬県,2020000
1999,11,埼玉県,6906000
1999,12,千葉県,5893000
1999,13,東京都,11983000
1999,14,神奈川県,8432000
1999,15,新潟県,2482000
1999,16,富山県,1122000
1999,17,石川県,1180000
1999,18,福井県,828000
1999,19,山梨県,887000
1999,20,長野県,2210000
1999,21,岐阜県,2107000
1999,22,静岡県,3761000
1999,23,愛知県,7006000
1999,24,三重県,1856000
1999,25,滋賀県,1332000
1999,26,京都府,2645000
1999,27,大阪府,8813000
1999,28,兵庫県,5528000
1999,29,奈良県,1444000
1999,30,和歌山県,1074000
1999,31,鳥取県,614000
1999,32,島根県,763000
1999,33,岡山県,1953000
1999,34,広島県,2881000
1999,35,山口県,1535000
1999,36,徳島県,827000
1999,37,香川県,1025000
1999,38,愛媛県,1496000
1999,39,高知県,815000
1999,40,福岡県,5002000
1999,41,佐賀県,879000
1999,42,長崎県,1520000
1999,43,熊本県,1861000
1999,44,大分県,1224000
1999,45,宮崎県,1172000
1999,46,鹿児島県,1788000
1999,47,沖縄県,1308000
2000,01,北海道,5683062
2000,02,青森県,1475728
2000,03,岩手県,1416180
2000,04,宮城県,2365320
2000,05,秋田県,1189279
2000,06,山形県,1244147
2000,07,福島県,2126935
2000,08,茨城県,2985676
2000,09,栃木県,2004817
2000,10,群馬県,2024852
2000,11,埼玉県,6938006
2000,12,千葉県,5926285
2000,13,東京都,12064101
2000,14,神奈川県,8489974
2000,15,新潟県,2475733
2000,16,富山県,1120851
2000,17,石川県,1180977
2000,18,福井県,828944
2000,19,山梨県,888172
2000,20,長野県,2215168
2000,21,岐阜県,2107700
2000,22,静岡県,3767393
2000,23,愛知県,7043300
2000,24,三重県,1857339
2000,25,滋賀県,1342832
2000,26,京都府,2644391
2000,27,大阪府,8805081
2000,28,兵庫県,5550574
2000,29,奈良県,1442795
2000,30,和歌山県,1069912
2000,31,鳥取県,613289
2000,32,島根県,761503
2000,33,岡山県,1950828
2000,34,広島県,2878915
2000,35,山口県,1527964
2000,36,徳島県,824108
2000,37,香川県,1022890
2000,38,愛媛県,1493092
2000,39,高知県,813949
2000,40,福岡県,5015699
2000,41,佐賀県,876654
2000,42,長崎県,1516523
2000,43,熊本県,1859344
2000,44,大分県,1221140
2000,45,宮崎県,1170007
2000,46,鹿児島県,1786194
2000,47,沖縄県,1318220
2001,01,北海道,5680000
2001,02,青森県,1473000
2001,03,岩手県,1413000
2001,04,宮城県,2369000
2001,05,秋田県,1183000
2001,06,山形県,1241000
2001,07,福島県,2124000
2001,08,茨城県,2990000
2001,09,栃木県,2011000
2001,10,群馬県,2029000
2001,11,埼玉県,6977000
2001,12,千葉県,5970000
2001,13,東京都,12165000
2001,14,神奈川県,8575000
2001,15,新潟県,2471000
2001,16,富山県,1120000
2001,17,石川県,1182000
2001,18,福井県,830000
2001,19,山梨県,890000
2001,20,長野県,2222000
2001,21,岐阜県,2111000
2001,22,静岡県,3780000
2001,23,愛知県,7091000
2001,24,三重県,1862000
2001,25,滋賀県,1354000
2001,26,京都府,2649000
2001,27,大阪府,8821000
2001,28,兵庫県,5572000
2001,29,奈良県,1442000
2001,30,和歌山県,1065000
2001,31,鳥取県,613000
2001,32,島根県,760000
2001,33,岡山県,1954000
2001,34,広島県,2880000
2001,35,山口県,1523000
2001,36,徳島県,822000
2001,37,香川県,1022000
2001,38,愛媛県,1490000
2001,39,高知県,812000
2001,40,福岡県,5030000
2001,41,佐賀県,876000
2001,42,長崎県,1512000
2001,43,熊本県,1860000
2001,44,大分県,1220000
2001,45,宮崎県,1168000
2001,46,鹿児島県,1782000
2001,47,沖縄県,1327000
2002,01,北海道,5672000
2002,02,青森県,1467000
2002,03,岩手県,1407000
2002,04,宮城県,2369000
2002,05,秋田県,1175000
2002,06,山形県,1236000
2002,07,福島県,2118000
2002,08,茨城県,2987000
2002,09,栃木県,2012000
2002,10,群馬県,2030000
2002,11,埼玉県,7000000
2002,12,千葉県,5998000
2002,13,東京都,12271000
2002,14,神奈川県,8636000
2002,15,新潟県,2462000
2002,16,富山県,1118000
2002,17,石川県,1180000
2002,18,福井県,828000
2002,19,山梨県,889000
2002,20,長野県,2215000
2002,21,岐阜県,2110000
2002,22,静岡県,3784000
2002,23,愛知県,7131000
2002,24,三重県,1863000
2002,25,滋賀県,1361000
2002,26,京都府,2648000
2002,27,大阪府,8821000
2002,28,兵庫県,5580000
2002,29,奈良県,1437000
2002,30,和歌山県,1059000
2002,31,鳥取県,612000
2002,32,島根県,756000
2002,33,岡山県,1956000
2002,34,広島県,2878000
2002,35,山口県,1517000
2002,36,徳島県,820000
2002,37,香川県,1020000
2002,38,愛媛県,1485000
2002,39,高知県,810000
2002,40,福岡県,5039000
2002,41,佐賀県,874000
2002,42,長崎県,1505000
2002,43,熊本県,1857000
2002,44,大分県,1219000
2002,45,宮崎県,1165000
2002,46,鹿児島県,1776000
2002,47,沖縄県,1336000
2003,01,北海道,5663000
2003,02,青森県,1459000
2003,03,岩手県,1401000
2003,04,宮城県,2369000
2003,05,秋田県,1165000
2003,06,山形県,1230000
2003,07,福島県,2110000
2003,08,茨城県,2985000
2003,09,栃木県,2014000
2003,10,群馬県,2030000
2003,11,埼玉県,7028000
2003,12,千葉県,6030000
2003,13,東京都,12388000
2003,14,神奈川県,8702000
2003,15,新潟県,2455000
2003,16,富山県,1116000
2003,17,石川県,1179000
2003,18,福井県,827000
2003,19,山梨県,888000
2003,20,長野県,2210000
2003,21,岐阜県,2110000
2003,22,静岡県,3790000
2003,23,愛知県,7170000
2003,24,三重県,1864000
2003,25,滋賀県,1368000
2003,26,京都府,2650000
2003,27,大阪府,8824000
2003,28,兵庫県,5589000
2003,29,奈良県,1434000
2003,30,和歌山県,1052000
2003,31,鳥取県,611000
2003,32,島根県,752000
2003,33,岡山県,1958000
2003,34,広島県,2879000
2003,35,山口県,1510000
2003,36,徳島県,818000
2003,37,香川県,1018000
2003,38,愛媛県,1481000
2003,39,高知県,806000
2003,40,福岡県,5045000
2003,41,佐賀県,872000
2003,42,長崎県,1498000
2003,43,熊本県,1852000
2003,44,大分県,1217000
2003,45,宮崎県,1162000
2003,46,鹿児島県,1770000
2003,47,沖縄県,1345000
2004,01,北海道,5650000
2004,02,青森県,1448000
2004,03,岩手県,1395000
2004,04,宮城県,2366000
2004,05,秋田県,1156000
2004,06,山形県,1224000
2004,07,福島県,2102000
2004,08,茨城県,2982000
2004,09,栃木県,2016000
2004,10,群馬県,2027000
2004,11,埼玉県,7046000
2004,12,千葉県,6047000
2004,13,東京都,12482000
2004,14,神奈川県,8753000
2004,15,新潟県,2445000
2004,16,富山県,1115000
2004,17,石川県,1178000
2004,18,福井県,824000
2004,19,山梨県,886000
2004,20,長野県,2206000
2004,21,岐阜県,2108000
2004,22,静岡県,3791000
2004,23,愛知県,7209000
2004,24,三重県,1867000
2004,25,滋賀県,1375000
2004,26,京都府,2650000
2004,27,大阪府,8825000
2004,28,兵庫県,5592000
2004,29,奈良県,1428000
2004,30,和歌山県,1045000
2004,31,鳥取県,610000
2004,32,島根県,747000
2004,33,岡山県,1959000
2004,34,広島県,2879000
2004,35,山口県,1502000
2004,36,徳島県,814000
2004,37,香川県,1016000
2004,38,愛媛県,1475000
2004,39,高知県,802000
2004,40,福岡県,5050000
2004,41,佐賀県,870000
2004,42,長崎県,1490000
2004,43,熊本県,1848000
2004,44,大分県,1214000
2004,45,宮崎県,1159000
2004,46,鹿児島県,1763000
2004,47,沖縄県,1353000
2005,01,北海道,5627737
2005,02,青森県,1436657
2005,03,岩手県,1385041
2005,04,宮城県,2360218
2005,05,秋田県,1145501
2005,06,山形県,1216181
2005,07,福島県,2091319
2005,08,茨城県,2975167
2005,09,栃木県,2016631
2005,10,群馬県,2024135
2005,11,埼玉県,7054243
2005,12,千葉県,6056462
2005,13,東京都,12576601
2005,14,神奈川県,8791597
2005,15,新潟県,2431459
2005,16,富山県,1111729
2005,17,石川県,1174026
2005,18,福井県,821592
2005,19,山梨県,884515
2005,20,長野県,2196114
2005,21,岐阜県,2107226
2005,22,静岡県,3792377
2005,23,愛知県,7254704
2005,24,三重県,1866963
2005,25,滋賀県,1380361
2005,26,京都府,2647660
2005,27,大阪府,8817166
2005,28,兵庫県,5590601
2005,29,奈良県,1421310
2005,30,和歌山県,1035969
2005,31,鳥取県,607012
2005,32,島根県,742223
2005,33,岡山県,1957264
2005,34,広島県,2876642
2005,35,山口県,1492606
2005,36,徳島県,809950
2005,37,香川県,1012400
2005,38,愛媛県,1467815
2005,39,高知県,796292
2005,40,福岡県,5049908
2005,41,佐賀県,866369
2005,42,長崎県,1478632
2005,43,熊本県,1842233
2005,44,大分県,1209571
2005,45,宮崎県,1153042
2005,46,鹿児島県,1753179
2005,47,沖縄県,1361594
2006,01,北海道,5605000
2006,02,青森県,1424000
2006,03,岩手県,1375000
2006,04,宮城県,2358000
2006,05,秋田県,1134000
2006,06,山形県,1207000
2006,07,福島県,2080000
2006,08,茨城県,2974000
2006,09,栃木県,2016000
2006,10,群馬県,2022000
2006,11,埼玉県,7079000
2006,12,千葉県,6084000
2006,13,東京都,12704000
2006,14,神奈川県,8846000
2006,15,新潟県,2420000
2006,16,富山県,1110000
2006,17,石川県,1173000
2006,18,福井県,820000
2006,19,山梨県,880000
2006,20,長野県,2189000
2006,21,岐阜県,2105000
2006,22,静岡県,3795000
2006,23,愛知県,7307000
2006,24,三重県,1872000
2006,25,滋賀県,1390000
2006,26,京都府,2646000
2006,27,大阪府,8828000
2006,28,兵庫県,5592000
2006,29,奈良県,1417000
2006,30,和歌山県,1029000
2006,31,鳥取県,604000
2006,32,島根県,737000
2006,33,岡山県,1956000
2006,34,広島県,2875000
2006,35,山口県,1484000
2006,36,徳島県,806000
2006,37,香川県,1009000
2006,38,愛媛県,1460000
2006,39,高知県,790000
2006,40,福岡県,5057000
2006,41,佐賀県,863000
2006,42,長崎県,1467000
2006,43,熊本県,1838000
2006,44,大分県,1207000
2006,45,宮崎県,1150000
2006,46,鹿児島県,1744000
2006,47,沖縄県,1369000
2007,01,北海道,5579000
2007,02,青森県,1409000
2007,03,岩手県,1364000
2007,04,宮城県,2354000
2007,05,秋田県,1121000
2007,06,山形県,1198000
2007,07,福島県,2067000
2007,08,茨城県,2973000
2007,09,栃木県,2016000
2007,10,群馬県,2020000
2007,11,埼玉県,7106000
2007,12,千葉県,6119000
2007,13,東京都,12848000
2007,14,神奈川県,8912000
2007,15,新潟県,2408000
2007,16,富山県,1107000
2007,17,石川県,1173000
2007,18,福井県,817000
2007,19,山梨県,877000
2007,20,長野県,2182000
2007,21,岐阜県,2104000
2007,22,静岡県,3796000
2007,23,愛知県,7357000
2007,24,三重県,1873000
2007,25,滋賀県,1398000
2007,26,京都府,2643000
2007,27,大阪府,8839000
2007,28,兵庫県,5593000
2007,29,奈良県,1413000
2007,30,和歌山県,1021000
2007,31,鳥取県,601000
2007,32,島根県,733000
2007,33,岡山県,1956000
2007,34,広島県,2874000
2007,35,山口県,1476000
2007,36,徳島県,800000
2007,37,香川県,1006000
2007,38,愛媛県,1453000
2007,39,高知県,783000
2007,40,福岡県,5061000
2007,41,佐賀県,860000
2007,42,長崎県,1455000
2007,43,熊本県,1832000
2007,44,大分県,1206000
2007,45,宮崎県,1146000
2007,46,鹿児島県,1733000
2007,47,沖縄県,1374000
2008,01,北海道,5548000
2008,02,青森県,1395000
2008,03,岩手県,1352000
2008,04,宮城県,2349000
2008,05,秋田県,1109000
2008,06,山形県,1188000
2008,07,福島県,2054000
2008,08,茨城県,2971000
2008,09,栃木県,2015000
2008,10,群馬県,2017000
2008,11,埼玉県,7136000
2008,12,千葉県,6153000
2008,13,東京都,12973000
2008,14,神奈川県,8965000
2008,15,新潟県,2396000
2008,16,富山県,1103000
2008,17,石川県,1172000
2008,18,福井県,814000
2008,19,山梨県,871000
2008,20,長野県,2173000
2008,21,岐阜県,2100000
2008,22,静岡県,3793000
2008,23,愛知県,7399000
2008,24,三重県,1871000
2008,25,滋賀県,1405000
2008,26,京都府,2640000
2008,27,大阪府,8847000
2008,28,兵庫県,5592000
2008,29,奈良県,1407000
2008,30,和歌山県,1014000
2008,31,鳥取県,596000
2008,32,島根県,727000
2008,33,岡山県,1953000
2008,34,広島県,2870000
2008,35,山口県,1466000
2008,36,徳島県,795000
2008,37,香川県,1003000
2008,38,愛媛県,1445000
2008,39,高知県,775000
2008,40,福岡県,5062000
2008,41,佐賀県,856000
2008,42,長崎県,1443000
2008,43,熊本県,1826000
2008,44,大分県,1204000
2008,45,宮崎県,1141000
2008,46,鹿児島県,1721000
2008,47,沖縄県,1378000
2009,01,北海道,5524000
2009,02,青森県,1383000
2009,03,岩手県,1340000
2009,04,宮城県,2348000
2009,05,秋田県,1097000
2009,06,山形県,1178000
2009,07,福島県,2041000
2009,08,茨城県,2970000
2009,09,栃木県,2011000
2009,10,群馬県,2014000
2009,11,埼玉県,7161000
2009,12,千葉県,6180000
2009,13,東京都,13048000
2009,14,神奈川県,9006000
2009,15,新潟県,2385000
2009,16,富山県,1098000
2009,17,石川県,1171000
2009,18,福井県,810000
2009,19,山梨県,867000
2009,20,長野県,2162000
2009,21,岐阜県,2091000
2009,22,静岡県,3783000
2009,23,愛知県,7411000
2009,24,三重県,1864000
2009,25,滋賀県,1409000
2009,26,京都府,2637000
2009,27,大阪府,8855000
2009,28,兵庫県,5591000
2009,29,奈良県,1404000
2009,30,和歌山県,1008000
2009,31,鳥取県,592000
2009,32,島根県,721000
2009,33,岡山県,1949000
2009,34,広島県,2864000
2009,35,山口県,1459000
2009,36,徳島県,790000
2009,37,香川県,999000
2009,38,愛媛県,1438000
2009,39,高知県,769000
2009,40,福岡県,5064000
2009,41,佐賀県,853000
2009,42,長崎県,1434000
2009,43,熊本県,1821000
2009,44,大分県,1200000
2009,45,宮崎県,1138000
2009,46,鹿児島県,1712000
2009,47,沖縄県,1385000
2010,01,北海道,5506419
2010,02,青森県,1373339
2010,03,岩手県,1330147
2010,04,宮城県,2348165
2010,05,秋田県,1085997
2010,06,山形県,1168924
2010,07,福島県,2029064
2010,08,茨城県,2969770
2010,09,栃木県,2007683
2010,10,群馬県,2008068
2010,11,埼玉県,7194556
2010,12,千葉県,6216289
2010,13,東京都,13159388
2010,14,神奈川県,9048331
2010,15,新潟県,2374450
2010,16,富山県,1093247
2010,17,石川県,1169788
2010,18,福井県,806314
2010,19,山梨県,863075
2010,20,長野県,2152449
2010,21,岐阜県,2080773
2010,22,静岡県,3765007
2010,23,愛知県,7410719
2010,24,三重県,1854724
2010,25,滋賀県,1410777
2010,26,京都府,2636092
2010,27,大阪府,8865245
2010,28,兵庫県,5588133
2010,29,奈良県,1400728
2010,30,和歌山県,1002198
2010,31,鳥取県,588667
2010,32,島根県,717397
2010,33,岡山県,1945276
2010,34,広島県,2860750
2010,35,山口県,1451338
2010,36,徳島県,785491
2010,37,香川県,995842
2010,38,愛媛県,1431493
2010,39,高知県,764456
2010,40,福岡県,5071968
2010,41,佐賀県,849788
2010,42,長崎県,1426779
2010,43,熊本県,1817426
2010,44,大分県,1196529
2010,45,宮崎県,1135233
2010,46,鹿児島県,1706242
2010,47,沖縄県,1392818
2011,01,北海道,5488000
2011,02,青森県,1363000
2011,03,岩手県,1315000
2011,04,宮城県,2326000
2011,05,秋田県,1075000
2011,06,山形県,1162000
2011,07,福島県,1988000
2011,08,茨城県,2960000
2011,09,栃木県,2000000
2011,10,群馬県,2001000
2011,11,埼玉県,7209000
2011,12,千葉県,6217000
2011,13,東京都,13198000
2011,14,神奈川県,9060000
2011,15,新潟県,2364000
2011,16,富山県,1088000
2011,17,石川県,1167000
2011,18,福井県,803000
2011,19,山梨県,857000
2011,20,長野県,2142000
2011,21,岐阜県,2071000
2011,22,静岡県,3752000
2011,23,愛知県,7418000
2011,24,三重県,1847000
2011,25,滋賀県,1413000
2011,26,京都府,2633000
2011,27,大阪府,8863000
2011,28,兵庫県,5584000
2011,29,奈良県,1395000
2011,30,和歌山県,995000
2011,31,鳥取県,586000
2011,32,島根県,713000
2011,33,岡山県,1941000
2011,34,広島県,2858000
2011,35,山口県,1444000
2011,36,徳島県,780000
2011,37,香川県,992000
2011,38,愛媛県,1424000
2011,39,高知県,758000
2011,40,福岡県,5081000
2011,41,佐賀県,847000
2011,42,長崎県,1418000
2011,43,熊本県,1813000
2011,44,大分県,1192000
2011,45,宮崎県,1130000
2011,46,鹿児島県,1697000
2011,47,沖縄県,1402000
2012,01,北海道,5465000
2012,02,青森県,1350000
2012,03,岩手県,1306000
2012,04,宮城県,2329000
2012,05,秋田県,1063000
2012,06,山形県,1153000
2012,07,福島県,1957000
2012,08,茨城県,2947000
2012,09,栃木県,1992000
2012,10,群馬県,1994000
2012,11,埼玉県,7216000
2012,12,千葉県,6200000
2012,13,東京都,13234000
2012,14,神奈川県,9070000
2012,15,新潟県,2350000
2012,16,富山県,1083000
2012,17,石川県,1164000
2012,18,福井県,800000
2012,19,山梨県,852000
2012,20,長野県,2132000
2012,21,岐阜県,2062000
2012,22,静岡県,3739000
2012,23,愛知県,7431000
2012,24,三重県,1841000
2012,25,滋賀県,1414000
2012,26,京都府,2628000
2012,27,大阪府,8861000
2012,28,兵庫県,5575000
2012,29,奈良県,1388000
2012,30,和歌山県,988000
2012,31,鳥取県,583000
2012,32,島根県,708000
2012,33,岡山県,1937000
2012,34,広島県,2855000
2012,35,山口県,1434000
2012,36,徳島県,775000
2012,37,香川県,989000
2012,38,愛媛県,1415000
2012,39,高知県,751000
2012,40,福岡県,5089000
2012,41,佐賀県,845000
2012,42,長崎県,1408000
2012,43,熊本県,1807000
2012,44,大分県,1186000
2012,45,宮崎県,1125000
2012,46,鹿児島県,1687000
2012,47,沖縄県,1411000
2013,01,北海道,5438000
2013,02,青森県,1337000
2013,03,岩手県,1299000
2013,04,宮城県,2333000
2013,05,秋田県,1050000
2013,06,山形県,1144000
2013,07,福島県,1940000
2013,08,茨城県,2937000
2013,09,栃木県,1986000
2013,10,群馬県,1986000
2013,11,埼玉県,7228000
2013,12,千葉県,6201000
2013,13,東京都,13307000
2013,14,神奈川県,9084000
2013,15,新潟県,2336000
2013,16,富山県,1077000
2013,17,石川県,1160000
2013,18,福井県,796000
2013,19,山梨県,847000
2013,20,長野県,2122000
2013,21,岐阜県,2053000
2013,22,静岡県,3730000
2013,23,愛知県,7449000
2013,24,三重県,1833000
2013,25,滋賀県,1415000
2013,26,京都府,2622000
2013,27,大阪府,8856000
2013,28,兵庫県,5565000
2013,29,奈良県,1381000
2013,30,和歌山県,980000
2013,31,鳥取県,580000
2013,32,島根県,704000
2013,33,岡山県,1932000
2013,34,広島県,2850000
2013,35,山口県,1425000
2013,36,徳島県,769000
2013,37,香川県,985000
2013,38,愛媛県,1406000
2013,39,高知県,743000
2013,40,福岡県,5096000
2013,41,佐賀県,841000
2013,42,長崎県,1397000
2013,43,熊本県,1801000
2013,44,大分県,1180000
2013,45,宮崎県,1119000
2013,46,鹿児島県,1675000
2013,47,沖縄県,1419000
2014,01,北海道,5410000
2014,02,青森県,1323000
2014,03,岩手県,1290000
2014,04,宮城県,2335000
2014,05,秋田県,1037000
2014,06,山形県,1134000
2014,07,福島県,1927000
2014,08,茨城県,2927000
2014,09,栃木県,1980000
2014,10,群馬県,1979000
2014,11,埼玉県,7247000
2014,12,千葉県,6209000
2014,13,東京都,13399000
2014,14,神奈川県,9103000
2014,15,新潟県,2320000
2014,16,富山県,1072000
2014,17,石川県,1157000
2014,18,福井県,791000
2014,19,山梨県,841000
2014,20,長野県,2110000
2014,21,岐阜県,2043000
2014,22,静岡県,3715000
2014,23,愛知県,7464000
2014,24,三重県,1826000
2014,25,滋賀県,1414000
2014,26,京都府,2616000
2014,27,大阪府,8845000
2014,28,兵庫県,5550000
2014,29,奈良県,1373000
2014,30,和歌山県,972000
2014,31,鳥取県,577000
2014,32,島根県,699000
2014,33,岡山県,1926000
2014,34,広島県,2846000
2014,35,山口県,1415000
2014,36,徳島県,763000
2014,37,香川県,980000
2014,38,愛媛県,1396000
2014,39,高知県,736000
2014,40,福岡県,5099000
2014,41,佐賀県,837000
2014,42,長崎県,1387000
2014,43,熊本県,1795000
2014,44,大分県,1173000
2014,45,宮崎県,1112000
2014,46,鹿児島県,1662000
2014,47,沖縄県,1426000
2015,01,北海道,5381733
2015,02,青森県,1308265
2015,03,岩手県,1279594
2015,04,宮城県,2333899
2015,05,秋田県,1023119
2015,06,山形県,1123891
2015,07,福島県,1914039
2015,08,茨城県,2916976
2015,09,栃木県,1974255
2015,10,群馬県,1973115
2015,11,埼玉県,7266534
2015,12,千葉県,6222666
2015,13,東京都,13515271
2015,14,神奈川県,9126214
2015,15,新潟県,2304264
2015,16,富山県,1066328
2015,17,石川県,1154008
2015,18,福井県,786740
2015,19,山梨県,834930
2015,20,長野県,2098804
2015,21,岐阜県,2031903
2015,22,静岡県,3700305
2015,23,愛知県,7483128
2015,24,三重県,1815865
2015,25,滋賀県,1412916
2015,26,京都府,2610353
2015,27,大阪府,8839469
2015,28,兵庫県,5534800
2015,29,奈良県,1364316
2015,30,和歌山県,963579
2015,31,鳥取県,573441
2015,32,島根県,694352
2015,33,岡山県,1921525
2015,34,広島県,2843990
2015,35,山口県,1404729
2015,36,徳島県,755733
2015,37,香川県,976263
2015,38,愛媛県,1385262
2015,39,高知県,728276
2015,40,福岡県,5101556
2015,41,佐賀県,832832
2015,42,長崎県,1377187
2015,43,熊本県,1786170
2015,44,大分県,1166338
2015,45,宮崎県,1104069
2015,46,鹿児島県,1648177
2015,47,沖縄県,1433566
2016,01,北海道,5352000
2016,02,青森県,1293000
2016,03,岩手県,1268000
2016,04,宮城県,2330000
2016,05,秋田県,1010000
2016,06,山形県,1113000
2016,07,福島県,1901000
2016,08,茨城県,2905000
2016,09,栃木県,1966000
2016,10,群馬県,1967000
2016,11,埼玉県,7289000
2016,12,千葉県,6236000
2016,13,東京都,13624000
2016,14,神奈川県,9145000
2016,15,新潟県,2286000
2016,16,富山県,1061000
2016,17,石川県,1151000
2016,18,福井県,782000
2016,19,山梨県,830000
2016,20,長野県,2088000
2016,21,岐阜県,2022000
2016,22,静岡県,3688000
2016,23,愛知県,7507000
2016,24,三重県,1808000
2016,25,滋賀県,1413000
2016,26,京都府,2605000
2016,27,大阪府,8833000
2016,28,兵庫県,5520000
2016,29,奈良県,1356000
2016,30,和歌山県,954000
2016,31,鳥取県,570000
2016,32,島根県,690000
2016,33,岡山県,1915000
2016,34,広島県,2837000
2016,35,山口県,1394000
2016,36,徳島県,750000
2016,37,香川県,972000
2016,38,愛媛県,1375000
2016,39,高知県,721000
2016,40,福岡県,5104000
2016,41,佐賀県,828000
2016,42,長崎県,1367000
2016,43,熊本県,1774000
2016,44,大分県,1160000
2016,45,宮崎県,1096000
2016,46,鹿児島県,1637000
2016,47,沖縄県,1439000
2017,01,北海道,5320000
2017,02,青森県,1278000
2017,03,岩手県,1255000
2017,04,宮城県,2323000
2017,05,秋田県,996000
2017,06,山形県,1102000
2017,07,福島県,1882000
2017,08,茨城県,2892000
2017,09,栃木県,1957000
2017,10,群馬県,1960000
2017,11,埼玉県,7310000
2017,12,千葉県,6246000
2017,13,東京都,13724000
2017,14,神奈川県,9159000
2017,15,新潟県,2267000
2017,16,富山県,1056000
2017,17,石川県,1147000
2017,18,福井県,779000
2017,19,山梨県,823000
2017,20,長野県,2076000
2017,21,岐阜県,2008000
2017,22,静岡県,3675000
2017,23,愛知県,7525000
2017,24,三重県,1800000
2017,25,滋賀県,1413000
2017,26,京都府,2599000
2017,27,大阪府,8823000
2017,28,兵庫県,5503000
2017,29,奈良県,1348000
2017,30,和歌山県,945000
2017,31,鳥取県,565000
2017,32,島根県,685000
2017,33,岡山県,1907000
2017,34,広島県,2829000
2017,35,山口県,1383000
2017,36,徳島県,743000
2017,37,香川県,967000
2017,38,愛媛県,1364000
2017,39,高知県,714000
2017,40,福岡県,5107000
2017,41,佐賀県,824000
2017,42,長崎県,1354000
2017,43,熊本県,1765000
2017,44,大分県,1152000
2017,45,宮崎県,1089000
2017,46,鹿児島県,1626000
2017,47,沖縄県,1443000
2018,01,北海道,5286000
2018,02,青森県,1263000
2018,03,岩手県,1241000
2018,04,宮城県,2316000
2018,05,秋田県,981000
2018,06,山形県,1090000
2018,07,福島県,1864000
2018,08,茨城県,2877000
2018,09,栃木県,1946000
2018,10,群馬県,1952000
2018,11,埼玉県,7330000
2018,12,千葉県,6255000
2018,13,東京都,13822000
2018,14,神奈川県,9177000
2018,15,新潟県,2246000
2018,16,富山県,1050000
2018,17,石川県,1143000
2018,18,福井県,774000
2018,19,山梨県,817000
2018,20,長野県,2063000
2018,21,岐阜県,1997000
2018,22,静岡県,3659000
2018,23,愛知県,7537000
2018,24,三重県,1791000
2018,25,滋賀県,1412000
2018,26,京都府,2591000
2018,27,大阪府,8813000
2018,28,兵庫県,5484000
2018,29,奈良県,1339000
2018,30,和歌山県,935000
2018,31,鳥取県,560000
2018,32,島根県,680000
2018,33,岡山県,1898000
2018,34,広島県,2817000
2018,35,山口県,1370000
2018,36,徳島県,736000
2018,37,香川県,962000
2018,38,愛媛県,1352000
2018,39,高知県,706000
2018,40,福岡県,5107000
2018,41,佐賀県,819000
2018,42,長崎県,1341000
2018,43,熊本県,1757000
2018,44,大分県,1144000
2018,45,宮崎県,1081000
2018,46,鹿児島県,1614000
2018,47,沖縄県,1448000
2020,01,北海道,5216615
2020,02,青森県,1235971
2020,03,岩手県,1224194
2020,04,宮城県,2296113
2020,05,秋田県,955838
2020,06,山形県,1072473
2020,07,福島県,1827632
2020,08,茨城県,2844791
2020,09,栃木県,1930235
2020,10,群馬県,1926268
2020,11,埼玉県,7272830
2020,12,千葉県,6204651
2020,13,東京都,13732951
2020,14,神奈川県,9141394
2020,15,新潟県,2223647
2020,16,富山県,1034691
2020,17,石川県,1133021
2020,18,福井県,764081
2020,19,山梨県,800729
2020,20,長野県,2033235
2020,21,岐阜県,1972964
2020,22,静岡県,3615586
2020,23,愛知県,7505224
2020,24,三重県,1768098
2020,25,滋賀県,1409153
2020,26,京都府,2573772
2020,27,大阪府,8732289
2020,28,兵庫県,5443224
2020,29,奈良県,1320075
2020,30,和歌山県,921152
2020,31,鳥取県,556367
2020,32,島根県,669797
2020,33,岡山県,1889729
2020,34,広島県,2814088
2020,35,山口県,1352379
2020,36,徳島県,723087
2020,37,香川県,951400
2020,38,愛媛県,1332802
2020,39,高知県,691090
2020,40,福岡県,5097530
2020,41,佐賀県,810484
2020,42,長崎県,1320596
2020,43,熊本県,1742273
2020,44,大分県,1130771
2020,45,宮崎県,1066719
2020,46,鹿児島県,1583263
2020,47,沖縄県,1459570
2025,01,北海道,5016554
2025,02,青森県,1157332
2025,03,岩手県,1161638
2025,04,宮城県,2227471
2025,05,秋田県,885285
2025,06,山形県,1015910
2025,07,福島県,1733103
2025,08,茨城県,2750204
2025,09,栃木県,1872842
2025,10,群馬県,1865565
2025,11,埼玉県,7202953
2025,12,千葉県,6118170
2025,13,東京都,13845936
2025,14,神奈川県,9069562
2025,15,新潟県,2131156
2025,16,富山県,996442
2025,17,石川県,1104368
2025,18,福井県,737898
2025,19,山梨県,763274
2025,20,長野県,1957953
2025,21,岐阜県,1901131
2025,22,静岡県,3506064
2025,23,愛知県,7455615
2025,24,三重県,1709820
2025,25,滋賀県,1394593
2025,26,京都府,2509875
2025,27,大阪府,8526202
2025,28,兵庫県,5306083
2025,29,奈良県,1264574
2025,30,和歌山県,875553
2025,31,鳥取県,536747
2025,32,島根県,642787
2025,33,岡山県,1846230
2025,34,広島県,2758220
2025,35,山口県,1292809
2025,36,徳島県,687680
2025,37,香川県,921343
2025,38,愛媛県,1274128
2025,39,高知県,652757
2025,40,福岡県,5042774
2025,41,佐賀県,784789
2025,42,長崎県,1257939
2025,43,熊本県,1691314
2025,44,大分県,1089084
2025,45,宮崎県,1023170
2025,46,鹿児島県,1510970
2025,47,沖縄県,1468236
2030,01,北海道,4791592
2030,02,青森県,1076393
2030,03,岩手県,1096141
2030,04,宮城県,2143601
2030,05,秋田県,814295
2030,06,山形県,957314
2030,07,福島県,1635235
2030,08,茨城県,2638185
2030,09,栃木県,1805949
2030,10,群馬県,1796233
2030,11,埼玉県,7076167
2030,12,千葉県,5985915
2030,13,東京都,13882538
2030,14,神奈川県,8933474
2030,15,新潟県,2031445
2030,16,富山県,954745
2030,17,石川県,1070727
2030,18,福井県,709753
2030,19,山梨県,724352
2030,20,長野県,1877667
2030,21,岐阜県,1820918
2030,22,静岡県,3380104
2030,23,愛知県,7359302
2030,24,三重県,1645050
2030,25,滋賀県,1371841
2030,26,京都府,2430849
2030,27,大阪府,8262029
2030,28,兵庫県,5139095
2030,29,奈良県,1202479
2030,30,和歌山県,829087
2030,31,鳥取県,516255
2030,32,島根県,615424
2030,33,岡山県,1796872
2030,34,広島県,2689284
2030,35,山口県,1230324
2030,36,徳島県,651234
2030,37,香川県,888509
2030,38,愛媛県,1212388
2030,39,高知県,614449
2030,40,福岡県,4955295
2030,41,佐賀県,757242
2030,42,長崎県,1192223
2030,43,熊本県,1635901
2030,44,大分県,1044038
2030,45,宮崎県,976626
2030,46,鹿児島県,1436753
2030,47,沖縄県,1469847
2035,01,北海道,4546357
2035,02,青森県,993737
2035,03,岩手県,1028673
2035,04,宮城県,2046219
2035,05,秋田県,744014
2035,06,山形県,897075
2035,07,福島県,1533521
2035,08,茨城県,2512144
2035,09,栃木県,1730414
2035,10,群馬県,1719914
2035,11,埼玉県,6909319
2035,12,千葉県,5822882
2035,13,東京都,13851782
2035,14,神奈川県,8750958
2035,15,新潟県,1926432
2035,16,富山県,910161
2035,17,石川県,1032500
2035,18,福井県,679595
2035,19,山梨県,683945
2035,20,長野県,1793174
2035,21,岐阜県,1735195
2035,22,静岡県,3241803
2035,23,愛知県,7227958
2035,24,三重県,1575867
2035,25,滋賀県,1341440
2035,26,京都府,2338843
2035,27,大阪府,7962983
2035,28,兵庫県,4948778
2035,29,奈良県,1135578
2035,30,和歌山県,781816
2035,31,鳥取県,494893
2035,32,島根県,587556
2035,33,岡山県,1741517
2035,34,広島県,2609116
2035,35,山口県,1165692
2035,36,徳島県,613686
2035,37,香川県,853054
2035,38,愛媛県,1148113
2035,39,高知県,575728
2035,40,福岡県,4841878
2035,41,佐賀県,728170
2035,42,長崎県,1124291
2035,43,熊本県,1576825
2035,44,大分県,996732
2035,45,宮崎県,928034
2035,46,鹿児島県,1361575
2035,47,沖縄県,1465761
2040,01,北海道,4280427
2040,02,青森県,908974
2040,03,岩手県,957788
2040,04,宮城県,1933258
2040,05,秋田県,672617
2040,06,山形県,833844
2040,07,福島県,1426392
2040,08,茨城県,2376146
2040,09,栃木県,1647288
2040,10,群馬県,1637642
2040,11,埼玉県,6721414
2040,12,千葉県,5645611
2040,13,東京都,13758624
2040,14,神奈川県,8541016
2040,15,新潟県,1814665
2040,16,富山県,863342
2040,17,石川県,990439
2040,18,福井県,647241
2040,19,山梨県,641932
2040,20,長野県,1704857
2040,21,岐阜県,1645898
2040,22,静岡県,3094264
2040,23,愛知県,7070766
2040,24,三重県,1503635
2040,25,滋賀県,1304201
2040,26,京都府,2238226
2040,27,大阪府,7649229
2040,28,兵庫県,4742647
2040,29,奈良県,1066267
2040,30,和歌山県,734325
2040,31,鳥取県,472156
2040,32,島根県,558290
2040,33,岡山県,1681383
2040,34,広島県,2520520
2040,35,山口県,1099619
2040,36,徳島県,574474
2040,37,香川県,814677
2040,38,愛媛県,1080610
2040,39,高知県,536443
2040,40,福岡県,4704812
2040,41,佐賀県,696815
2040,42,長崎県,1053851
2040,43,熊本県,1511793
2040,44,大分県,946917
2040,45,宮崎県,876863
2040,46,鹿児島県,1284036
2040,47,沖縄県,1452321
2045,01,北海道,4004973
2045,02,青森県,823610
2045,03,岩手県,884518
2045,04,宮城県,1809021
2045,05,秋田県,601649
2045,06,山形県,768490
2045,07,福島県,1314903
2045,08,茨城県,2235686
2045,09,栃木県,1560619
2045,10,群馬県,1552950
2045,11,埼玉県,6524800
2045,12,千葉県,5463363
2045,13,東京都,13606683
2045,14,神奈川県,8312524
2045,15,新潟県,1698989
2045,16,富山県,817398
2045,17,石川県,947918
2045,18,福井県,614144
2045,19,山梨県,598935
2045,20,長野県,1614511
2045,21,岐阜県,1556529
2045,22,静岡県,2942865
2045,23,愛知県,6899465
2045,24,三重県,1430804
2045,25,滋賀県,1262924
2045,26,京都府,2136807
2045,27,大阪府,7335352
2045,28,兵庫県,4532499
2045,29,奈良県,998076
2045,30,和歌山県,688031
2045,31,鳥取県,448529
2045,32,島根県,528988
2045,33,岡山県,1620031
2045,34,広島県,2428818
2045,35,山口県,1035661
2045,36,徳島県,535370
2045,37,香川県,776478
2045,38,愛媛県,1012995
2045,39,高知県,498460
2045,40,福岡県,4554486
2045,41,佐賀県,663781
2045,42,長崎県,982200
2045,43,熊本県,1442442
2045,44,大分県,896653
2045,45,宮崎県,824806
2045,46,鹿児島県,1204146
2045,47,沖縄県,1428305
